{
  "$schema": "https://schema.management.azure.com/schemas/2015-01-01/deploymentTemplate.json#",
  "contentVersion": "1.0.0.0",
  "parameters": {
    "location": {
      "type": "string"
    },
    "publicIpAddressResourceId": {
      "type": "string"
    },
    "subnetRef": {
      "type": "string"
    },
    "puppetMasterVmName": {
      "type": "string"
    },
    "vmSize": {
      "type": "string"
    },
    "adminUserName": {
      "type": "string"
    },
    "adminPassword": {
      "type": "securestring"
    },
    "nicName": {
      "type": "string"
    },
    "sshPublicKey": {
      "type": "securestring"
    },
    "storageAccountName": {
      "type": "string"
    },
    "fqdn": {
      "type": "string"
    },
    "templateBaseUrl": {
      "type": "string"
    }
  },
  "variables": {
    "imagePublisher": "Puppet",
    "imageOffer": "Puppet-Enterprise",
    "imageSku": "2017-2",
    "OSDiskName": "osdisk1",
    "vmStorageAccountContainerName": "vhds"
  },
  "resources": [
    {
      "apiVersion": "2016-03-30",
      "type": "Microsoft.Network/networkInterfaces",
      "name": "[parameters('nicName')]",
      "location": "[parameters('location')]",
      "properties": {
        "ipConfigurations": [
          {
            "name": "ipconfig1",
            "properties": {
              "privateIPAllocationMethod": "Dynamic",
              "publicIPAddress": {
                "id": "[parameters('publicIpAddressResourceId')]"
              },
              "subnet": {
                "id": "[parameters('subnetRef')]"
              }
            }
          }
        ]
      }
    },
    {
      "apiVersion": "2016-04-30-preview",
      "type": "Microsoft.Compute/virtualMachines",
      "name": "[parameters('puppetMasterVmName')]",
      "location": "[parameters('location')]",
      "dependsOn": [
        "[concat('Microsoft.Network/networkInterfaces/', parameters('nicName'))]"
      ],
      "plan": {
        "name": "2017-2",
        "product": "puppet-enterprise",
        "publisher": "puppet"
      },
      "properties": {
        "hardwareProfile": {
          "vmSize": "[parameters('vmSize')]"
        },
        "osProfile": {
          "computername": "[parameters('puppetMasterVmName')]",
          "adminUsername": "[parameters('adminUserName')]",
          "adminPassword": "[parameters('adminPassword')]"
        },
        "storageProfile": {
          "imageReference": {
            "publisher": "[variables('imagePublisher')]",
            "offer": "[variables('imageOffer')]",
            "sku": "[variables('imageSku')]",
            "version": "latest"
          },
          "osDisk": {
            "name": "osdisk",
            "vhd": {
              "uri": "[concat('http://',parameters('storageAccountName'),'.blob.core.windows.net/',variables('vmStorageAccountContainerName'),'/',variables('OSDiskName'),'.vhd')]"
            },
            "caching": "ReadWrite",
            "createOption": "FromImage"
          }
        },
        "networkProfile": {
          "networkInterfaces": [
            {
              "id": "[resourceId('Microsoft.Network/networkInterfaces', parameters('nicName'))]"
            }
          ]
        },
        "diagnosticsProfile": {
          "bootDiagnostics": {
            "enabled": "true",
            "storageUri": "[concat('http://',parameters('storageAccountName'),'.blob.core.windows.net')]"
          }
        }
      }
    },
    {
        "type": "Microsoft.Compute/virtualMachines/extensions",
        "name": "[concat(parameters('puppetMasterVmName'),'/CustomScriptExtension')]",
        "apiVersion": "2016-03-30",
        "location": "[parameters('location')]",
        "dependsOn": [
            "[concat('Microsoft.Compute/virtualMachines/', parameters('puppetMasterVmName'))]",
            "[concat('Microsoft.Network/networkInterfaces/', parameters('nicName'))]"
        ],
        "properties": {
           "publisher": "Microsoft.OSTCExtensions",
           "type": "CustomScriptForLinux",
           "typeHandlerVersion": "1.3",
           "autoUpgradeMinorVersion" : "true",
           "settings": {
              "commandToExecute": "[concat('/opt/puppetlabs/azure/bin/init-pe.sh ', parameters('fqdn'))]"
           }
       }
    }
  ],
  "outputs": {}
}
