{
  "$schema": "https://schema.management.azure.com/schemas/2015-01-01/deploymentTemplate.json#",
  "contentVersion": "1.0.0.0",
  "parameters": {
    "location": {
      "type": "string"
    },
    "publicIPAddressName": {
      "type": "string"
    },
    "publicIPAddressDomainNameLabel": {
      "type": "string"
    },
    "resourceGroup": {
      "type": "string"
    }
  },
  "resources": [
    {
      "apiVersion": "2016-03-30",
      "type": "Microsoft.Network/publicIPAddresses",
      "name": "[parameters('publicIPAddressName')]",
      "location": "[parameters('location')]",
      "properties": {
        "publicIPAllocationMethod": "Dynamic",
        "dnsSettings": {
          "domainNameLabel": "[parameters('publicIPAddressDomainNameLabel')]"
        }
      }
    }
  ],
  "outputs": {
    "publicIpId": {
      "value": "[resourceId(concat('Microsoft.Network','/','publicIPAddresses'),parameters('publicIPAddressName'))]",
      "type": "string"
    },
    "fqdn": {
      "value": "[reference(resourceId('Microsoft.Network/publicIPAddresses',parameters('publicIPAddressName')),providers('Microsoft.Network', 'publicIPAddresses').apiVersions[0]).dnsSettings.fqdn]",
      "type": "string"
    },
    "publicIp": {
      "value": "[reference(resourceId('Microsoft.Network/publicIPAddresses',parameters('publicIPAddressName')),providers('Microsoft.Network', 'publicIPAddresses').apiVersions[0]).properties.ipAddress]",
      "type": "string"
    }
  }
}
