{
  "$schema": "https://schema.management.azure.com/schemas/2015-01-01/deploymentTemplate.json#",
  "contentVersion": "1.0.0.0",
  "parameters": {
    "location": {
      "type": "string"
    },
    "storageAccountName": {
      "type": "string",
      "metadata": {
        "Description": "The name of the new storage account created to store the VMs disks"
      }
    },
    "storageAccountType": {
      "type": "string",
      "metadata": {
        "Description": "The type of the Storage Account created"
      }
    }
  },
  "resources": [
    {
      "type": "Microsoft.Storage/storageAccounts",
      "name": "[concat(parameters('storageAccountName'))]",
      "apiVersion": "2016-01-01",
      "location": "[parameters('location')]",
      "sku": {
          "name": "[parameters('storageAccountType')]"
      },
      "kind": "Storage",
      "properties": {
      }
    }
  ],
  "outputs": {
    "storageAccountId": {
      "value": "[resourceId('Microsoft.Storage/StorageAccounts',parameters('storageAccountName'))]",
      "type": "string"
    }
  }
}
