{
  "$schema": "https://schema.management.azure.com/schemas/2015-01-01/deploymentTemplate.json#",
  "contentVersion": "1.0.0.0",
  "parameters": {
    "location": {
      "type": "string"
    },
    "virtualNetworkName": {
      "type": "string"
    },
    "virtualNetworkAddressPrefix": {
      "type": "string"
    },
    "virtualNetworkSubnetName": {
      "type": "string"
    },
    "virtualNetworkSubnetAddressPrefix": {
      "type": "string"
    }
  },
  "resources": [
    {
      "apiVersion": "2016-03-30",
      "type": "Microsoft.Network/virtualNetworks",
      "name": "[parameters('virtualNetworkName')]",
      "location": "[parameters('location')]",
      "properties": {
        "addressSpace": {
          "addressPrefixes": [
            "[parameters('virtualNetworkAddressPrefix')]"
          ]
        },
        "subnets": [
          {
            "name": "[parameters('virtualNetworkSubnetName')]",
            "properties": {
              "addressPrefix": "[parameters('virtualNetworkSubnetAddressPrefix')]",
              "networkSecurityGroup": {
                "id": "[resourceId('Microsoft.Network/networkSecurityGroups', 'puppetNetworkSecurityGroup')]"
              }
            }
          }
        ]
      }
    }
  ],
  "outputs": {
    "subnetRef": {
      "value": "[concat(resourceId('Microsoft.Network/virtualNetworks/', parameters('virtualNetworkName')), '/subnets/',parameters('virtualNetworkSubnetName'))]",
      "type": "string"
    }
  }
}
